BAS_DD,ISU_NM,ClosePrice,Stock_Returns,MKTCAP,LIST_SHRS,베타 값
2024-11-12,AJ네트웍스,4575,-1.72,207031372425,45252759,0.43002706872149127
2024-11-12,AK홀딩스,11790,-0.67,156188744190,13247561,0.40771052817291614
2024-11-12,BGF,3550,-0.7,339794608050,95716791,0.5732900079767267
2024-11-12,BGF리테일,107600,-0.09,1859748285600,17283906,0.11515003331816502
2024-11-12,BNK금융지주,9490,0.32,3040944539230,320436727,0.5769340557462213
2024-11-12,BYC,31200,-0.16,194879880000,6246150,0.45293341557900485
2024-11-12,BYC우,12910,-0.84,27806203500,2153850,0.22149900134043937
2024-11-12,CJ,96300,-0.41,2809744907400,29176998,1.0095903108731052
2024-11-12,CJ CGV,5290,-2.22,875918575590,165580071,0.47438555501999025
2024-11-12,CJ4우(전환),74600,-2.61,315297795200,4226512,0.9183882028240696
2024-11-12,CJ대한통운,80200,-3.49,1829549988800,22812344,0.505847401956559
2024-11-12,CJ씨푸드,2870,-4.49,103121318510,35930773,0.9232982072009969
2024-11-12,CJ씨푸드1우,17530,-0.4,3506000000,200000,0.5581091949615498
2024-11-12,CJ우,54900,-2.49,124086242700,2260223,0.47909028926478975
2024-11-12,CJ제일제당,256500,-1.54,3861398709000,15054186,0.5192400255060667
2024-11-12,CJ제일제당 우,128000,-1.01,169911424000,1327433,0.45887881530386665
2024-11-12,CR홀딩스,5690,0.53,266806888100,46890490,0.614742538726398
2024-11-12,CS홀딩스,69300,-0.86,80005602600,1154482,0.35214224770000996
2024-11-12,DB,1415,-4.07,284661115195,201173933,0.6876884786536469
2024-11-12,DB금융투자,5030,-2.71,213505336670,42446389,0.5497847758813252
2024-11-12,DB손해보험,104000,-4.32,7363200000000,70800000,0.9836573470062798
2024-11-12,DB하이텍,32550,-4.26,1445174039400,44398588,1.1056484865855298
2024-11-12,DGB금융지주,8250,-0.48,1395453122250,169145833,0.5813508654071396
2024-11-12,DI동일,40950,5.54,1032581768400,25215672,0.5151646014282135
2024-11-12,DL,34500,-1.57,722977998000,20955884,0.68524161191438
2024-11-12,DL우,20500,-4.87,34565357500,1686115,0.6243474695611939
2024-11-12,DL이앤씨,30400,0.5,1176286139200,38693623,0.6979809500272692
2024-11-12,DL이앤씨2우(전환),20450,-1.92,43189397950,2111951,0.5808734670980868
2024-11-12,DL이앤씨우,15620,-0.13,33018883700,2113885,0.5598651960531784
2024-11-12,DN오토모티브,18140,-1.89,1071454791100,59065865,0.48884166307678645
2024-11-12,DRB동일,4720,-3.18,94069600000,19930000,0.7187322301504423
2024-11-12,DSR,3790,-1.94,60640000000,16000000,0.5606805459969544
2024-11-12,DSR제강,3395,-1.88,48888000000,14400000,0.682923066981898
2024-11-12,DS단석,157300,-5.64,921998849200,5861404,1.2584677300888565
2024-11-12,E1,71900,-2.04,493234000000,6860000,0.5335762278645142
2024-11-12,ESR켄달스퀘어리츠,4580,-1.29,975947620000,213089000,0.2891002146840178
2024-11-12,F&F,52300,-0.95,2003460022500,38307075,0.7737734460236965
2024-11-12,F&F홀딩스,13150,-1.72,514353926050,39114367,0.8266926530299795
2024-11-12,GKL,10430,-3.96,645154638100,61855670,0.3872582021137149
2024-11-12,GS,40950,-1.8,3804884729100,92915378,0.7219743078515443
2024-11-12,GS건설,17390,-1.25,1488262111100,85581490,0.7107768076524501
2024-11-12,GS글로벌,3120,-2.04,257505343680,82533764,0.8814750277094742
2024-11-12,GS리테일,20400,0.0,2136245608800,104717922,0.34552896458932897
2024-11-12,GS우,37800,-1.95,67466422800,1784826,0.43998297035555656
2024-11-12,HDC,11580,-0.17,691809129180,59741721,0.4916830131922277
2024-11-12,HDC랩스,7890,-0.63,204805471890,25957601,0.3057294580601793
2024-11-12,HDC현대EP,3740,-1.71,119306000000,31900000,0.76651865415821
2024-11-12,HDC현대산업개발,19260,-5.12,1269375175800,65907330,0.6019510090012115
2024-11-12,HD한국조선해양,187700,-3.2,13284113873200,70773116,1.0673549730770684
2024-11-12,HD현대,75300,-0.13,5948179300500,78993085,0.5137437967413888
2024-11-12,HD현대건설기계,60200,-0.66,1101996277200,18305586,0.9352911079139163
2024-11-12,HD현대마린솔루션,146500,-2.4,6511925000000,44450000,1.266108157231482
2024-11-12,HD현대마린엔진,20150,1.51,683518124250,33921495,0.28518336095501895
2024-11-12,HD현대미포,108200,-3.31,4321740521800,39942149,0.8680351021850774
2024-11-12,HD현대에너지솔루션,20700,3.5,231840000000,11200000,1.1168750542768375
2024-11-12,HD현대인프라코어,7330,-1.87,1412167505110,192655867,1.0551424451972877
2024-11-12,HD현대일렉트릭,381500,-2.18,13751982002500,36047135,0.9310200784096861
2024-11-12,HD현대중공업,205500,-3.07,18242875338000,88773116,0.8634289480091553
2024-11-12,HJ중공업,3000,2.21,249822843000,83274281,0.9009869178540528
2024-11-12,HL D&I,2440,3.83,92374986440,37858601,0.5463697374908285
2024-11-12,HLB글로벌,3695,-1.2,175474038745,47489591,1.0026338701739648
2024-11-12,HL만도,38000,-3.92,1784370560000,46957120,1.081882208378685
2024-11-12,HL홀딩스,34700,-1.14,352878527000,10169410,0.341874924372577
2024-11-12,HMM,16020,1.71,11999612725920,749039496,0.9870170252089263
2024-11-12,HS애드,6390,-1.99,105865743510,16567409,0.20595446984881519
2024-11-12,HS화성,9280,-2.01,94192000000,10150000,0.2795481478178346
2024-11-12,HS효성,36750,-2.78,136927817250,3725927,0.6841164869812164
2024-11-12,HS효성첨단소재,190500,-2.46,853430094000,4479948,1.361320080707069
2024-11-12,IHQ,10760,0.0,64669472240,6010174,0.0
2024-11-12,JB금융지주,18340,0.99,3577825851320,195083198,0.4926089832325867
2024-11-12,JW생명과학,11100,-2.03,175763549400,15834554,0.4042064272504263
2024-11-12,JW중외제약,24700,-5.18,575162471000,23285930,1.0861085023899348
2024-11-12,JW중외제약2우B,62000,-0.16,13018326000,209973,-0.02374036216935975
2024-11-12,JW중외제약우,30250,-1.14,10344017750,341951,0.10843351896983315
2024-11-12,JW홀딩스,2935,-0.84,216969704770,73924942,0.5868123890364931
2024-11-12,KB금융,92700,0.0,36480084812100,393528423,1.085484476443353
2024-11-12,KB스타리츠,3865,-2.52,391966211525,101414285,0.19689503540477168
2024-11-12,KCC,243500,0.21,2163855688500,8886471,0.767567052772782
2024-11-12,KCC글라스,38250,-1.29,610872084000,15970512,0.36260762717763745
2024-11-12,KCTC,4100,-2.26,123000000000,30000000,1.0398875356970574
2024-11-12,KC그린홀딩스,891,-2.84,19989567180,22434980,0.39328434120375505
2024-11-12,KC코트렐,430,-2.49,27612161470,64214329,0.17688460028635253
2024-11-12,KEC,842,-6.44,169042564722,200763141,1.2159484090645125
2024-11-12,KG모빌리티,4055,-2.52,796419249970,196404254,0.7814727825578507
2024-11-12,KG스틸,6300,-4.55,630056051100,100008897,0.8597218540242726
2024-11-12,KG케미칼,3640,-3.32,249227305600,68469040,0.9803199527803724
2024-11-12,KH 필룩스,6630,0.0,125330728770,18903579,0.0
2024-11-12,KIB플러그에너지,520,2.16,123230402880,236981544,0.47474620764583486
2024-11-12,KISCO홀딩스,20950,-2.78,338895161000,16176380,0.44657700232136716
2024-11-12,KPX케미칼,45500,-1.3,220220000000,4840000,0.29150235326780005
2024-11-12,KPX홀딩스,53600,-3.6,226441025600,4224646,0.3502845403470776
2024-11-12,KR모터스,510,-0.58,30667762680,60132868,0.5342630554432688
2024-11-12,KSS해운,9160,-1.08,211466660800,23085880,0.4896146096285385
2024-11-12,KT,43500,-2.03,10962943297500,252021685,0.44954367809920703
2024-11-12,KT&G,122900,0.74,15572965881300,126712497,0.31604285841952917
2024-11-12,KTcs,2850,-8.65,121652250000,42685000,0.9670627635175485
2024-11-12,KTis,2555,-3.77,88919110000,34802000,0.674998460746108
2024-11-12,LF,14080,-3.36,411699200000,29240000,0.5272099481199745
2024-11-12,LG,74600,-0.4,11734654077800,157300993,0.9491069986152839
2024-11-12,LG디스플레이,9830,-1.9,4915000000000,500000000,1.0610161282317805
2024-11-12,LG생활건강,334500,-3.6,5224286896500,15618197,0.666971511109738
2024-11-12,LG생활건강우,140000,-1.89,293957580000,2099697,0.5047261725750725
2024-11-12,LG에너지솔루션,427000,2.64,99918000000000,234000000,0.7596386261471699
2024-11-12,LG우,57800,-0.86,174649636000,3021620,0.38419781916862517
2024-11-12,LG유플러스,10000,-1.09,4366113610000,436611361,0.26880669406063096
2024-11-12,LG이노텍,166700,0.0,3945306736900,23667107,1.1471892409467654
2024-11-12,LG전자,87900,-2.22,14384642850600,163647814,0.8735519036479685
2024-11-12,LG전자우,44300,-2.21,761339445600,17185992,0.7052449394445649
2024-11-12,LG헬로비전,2480,-2.75,192068225200,77446865,0.7799339334509443
2024-11-12,LG화학,305500,0.49,21565960786500,70592343,1.099170733148986
2024-11-12,LG화학우,204500,-0.97,1572359600000,7688800,1.0432549561813824
2024-11-12,LIG넥스원,258000,-3.01,5676000000000,22000000,0.6104464333280262
2024-11-12,LS,104200,-8.44,3355240000000,32200000,1.4603815088969812
2024-11-12,LS ELECTRIC,152900,-7.28,4587000000000,30000000,1.0418054337563412
2024-11-12,LS네트웍스,3030,-6.34,238773138480,78803016,1.1837228669363082
2024-11-12,LS에코에너지,25050,-11.17,767153218950,30624879,1.3246046502781055
2024-11-12,LX세미콘,58300,-1.19,948208690000,16264300,0.8395550605251065
2024-11-12,LX인터내셔널,28300,-0.7,1096908000000,38760000,0.7312594950490737
2024-11-12,LX하우시스,37750,-3.45,338529542500,8967670,0.7770694359800135
2024-11-12,LX하우시스우,21900,-0.68,22608027000,1032330,0.6143428432819067
2024-11-12,LX홀딩스,6910,-1.14,527099567900,76280690,0.42807855251240917
2024-11-12,LX홀딩스1우,8400,-1.06,12308394000,1465285,0.2690344095944192
2024-11-12,MH에탄올,5270,-3.66,38884832020,7378526,0.3444143976546249
2024-11-12,NAVER,181400,3.07,29166309751200,160784508,0.6913950113200509
2024-11-12,NHN,16890,6.97,570309817470,33766123,0.5392919712877747
2024-11-12,NH올원리츠,3245,-2.99,138974117975,42827155,0.20881412457208445
2024-11-12,NH투자증권,13530,-0.95,4430970805470,327492299,0.6675851300405107
2024-11-12,NH투자증권우,11810,-0.76,222866132080,18870968,0.38971478981287055
2024-11-12,NH프라임리츠,4615,0.11,86115900000,18660000,0.16208042341013526
2024-11-12,NICE,11020,-0.72,413288316540,37503477,0.28105350150094177
2024-11-12,NICE평가정보,10600,-1.58,637141302000,60107670,0.4659586714704945
2024-11-12,NI스틸,3465,-3.75,99099405405,28600117,0.5502442364573736
2024-11-12,NPC,4730,0.42,173685600000,36720000,0.8305197701131548
2024-11-12,NPC우,2515,-3.27,13279200000,5280000,0.4635997018241995
2024-11-12,OCI,58600,-3.78,524616207000,8952495,1.060236656199846
2024-11-12,OCI홀딩스,57300,-4.82,1095997326900,19127353,0.7625445890334942
2024-11-12,PI첨단소재,17230,0.17,505981728060,29366322,1.1798839560504946
2024-11-12,POSCO홀딩스,305000,-2.09,25200434985000,82624377,1.1166890218375038
2024-11-12,S-Oil,55100,-4.67,6203311839200,112582792,0.47657887579210845
2024-11-12,S-Oil우,40250,-2.66,161882561750,4021927,0.2765407039342914
2024-11-12,SBS,14790,-2.38,274372810020,18551238,0.48624306791703753
2024-11-12,SGC에너지,25350,-2.12,365276591550,14409333,0.5455415579344978
2024-11-12,SG글로벌,2465,-16.86,110836612495,44964143,0.7502426525364714
2024-11-12,SG세계물산,324,-5.26,65585687040,202424960,0.5312754054318072
2024-11-12,SHD,16770,-1.06,20373504060,1214878,0.3250863240254505
2024-11-12,SH에너지화학,559,1.64,62123755070,111133730,0.42251313849363964
2024-11-12,SIMPAC,3635,-3.84,237836290660,65429516,0.5861965823088594
2024-11-12,SJG세종,3990,-6.12,111005634390,27820961,0.8378676547257553
2024-11-12,SJM,3145,-3.23,49077404210,15604898,0.6544727426015134
2024-11-12,SJM홀딩스,3415,-3.67,50999637320,14934008,0.7824054664074672
2024-11-12,SK,143300,-1.98,10389637339900,72502703,1.0376790654405887
2024-11-12,SKC,117400,-3.45,4445738185200,37868298,1.3904021677038603
2024-11-12,SK가스,210000,0.0,1938351240000,9230244,0.34266543933667876
2024-11-12,SK네트웍스,4550,-0.22,1006814454100,221277902,0.8550508404673564
2024-11-12,SK디스커버리,35200,-2.76,661262096000,18785855,0.6038248356109437
2024-11-12,SK디스커버리우,31400,-1.57,42655487000,1358455,0.39033664263758455
2024-11-12,SK디앤디,7260,-3.33,135162193320,18617382,0.7659602755695117
2024-11-12,SK리츠,4350,-2.03,1186631541000,272788860,0.3087347058339766
2024-11-12,SK바이오사이언스,47650,-3.44,3733248511450,78347293,0.9911229573741316
2024-11-12,SK바이오팜,109000,-4.05,8536144250000,78313250,0.915557715872132
2024-11-12,SK스퀘어,89500,-3.35,12060121420000,134749960,1.8992807249112875
2024-11-12,SK아이이테크놀로지,28250,-2.59,2014156974000,71297592,1.1957944708591404
2024-11-12,SK오션플랜트,13990,-2.71,828145996320,59195568,1.013782011034394
2024-11-12,SK우,118500,-2.87,67086997500,566135,0.8859637338294245
2024-11-12,SK이노베이션,106500,-1.84,10195840335000,95735590,1.150699458895468
2024-11-12,SK이노베이션우,74500,-1.06,93007737000,1248426,0.934754012956608
2024-11-12,SK이터닉스,13490,-6.64,454503663550,33691895,1.8048704167697707
2024-11-12,SK증권,500,-1.38,236295085500,472590171,0.6440526953999126
2024-11-12,SK증권우,1730,-2.26,6768649220,3912514,0.16230308096303278
2024-11-12,SK케미칼,43700,-2.46,753990317100,17253783,0.8036566709538142
2024-11-12,SK케미칼우,20250,-3.34,42837437250,2115429,0.48621550216576565
2024-11-12,SK텔레콤,56900,0.71,12221554015700,214790053,0.2576184207633317
2024-11-12,SK하이닉스,185800,-3.53,135262839417000,728002365,1.761508241033936
2024-11-12,SNT다이내믹스,25450,-3.42,846281138650,33252697,0.5349745333413702
2024-11-12,SNT모티브,42600,-1.05,622945593600,14623136,0.345199743352473
2024-11-12,SNT에너지,15280,3.8,316002364240,20680783,1.2065978680089573
2024-11-12,SNT홀딩스,22250,-3.89,362761463500,16303886,0.5124720459575867
2024-11-12,SPC삼립,46900,-2.8,404700522100,8629009,0.3286477259036031
2024-11-12,STX,4760,-5.74,147645332520,31017927,1.5550108759368615
2024-11-12,STX그린로지스,9370,-4.19,67192569840,7171032,0.6947565801509507
2024-11-12,STX엔진,20200,-3.81,464779860800,23008904,0.8745063554037398
2024-11-12,SUN&L,2970,-2.3,37445727330,12607989,0.1919433491563061
2024-11-12,TBH글로벌,1300,-3.42,27113864700,20856819,0.33829392893305227
2024-11-12,TCC스틸,38200,-2.55,1001363225400,26213697,1.4134995450587102
2024-11-12,TKG휴켐스,18080,-1.09,739084871040,40878588,0.37076124890700496
2024-11-12,TP,1340,-3.46,68574674200,51175130,0.7911351274374453
2024-11-12,TYM,4280,29.89,192818091680,45050956,0.599105795693885
2024-11-12,WISCOM,2080,-0.48,31878991040,15326438,0.3505023404773209
2024-11-12,YG PLUS,4140,-14.2,262597757400,63429410,0.5935488075668803
2024-11-12,가온전선,36400,-10.23,358844995600,9858379,1.8007415410885845
2024-11-12,강남제비스코,25700,-1.91,167050000000,6500000,0.47923994361960665
2024-11-12,강원랜드,17200,0.17,3679776600000,213940500,0.44221111366294236
2024-11-12,갤럭시아에스엠,2075,-7.16,57165511300,27549644,0.9624688034567574
2024-11-12,경농,9010,-1.74,175898400750,19522575,0.46118653376032664
2024-11-12,경동나비엔,92100,5.62,1341767323200,14568592,0.5899895005439659
2024-11-12,경동도시가스,18430,-1.18,108652332580,5895406,0.37201860596859027
2024-11-12,경동인베스트,68500,-5.26,162004075500,2365023,1.0909301914365916
2024-11-12,경방,5840,-3.63,160105176800,27415270,0.7230025075612869
2024-11-12,경보제약,7440,0.0,177867038400,23906860,0.2363361786069708
2024-11-12,경인양행,2885,-2.04,120063213025,41616365,0.7443984466710775
2024-11-12,경인전자,20000,-0.99,31415940000,1570797,0.4977116506998118
2024-11-12,계룡건설,12830,-1.38,114583536810,8930907,0.6524011863601799
2024-11-12,계양전기,1426,-3.45,38819754154,27222829,0.6432546864060961
2024-11-12,계양전기우,3390,-1.88,3963177810,1169079,0.1511566778663481
2024-11-12,고려산업,2725,-1.98,67959933125,24939425,0.5372910286665088
2024-11-12,고려아연,1142000,1.51,23643149186000,20703283,0.5960080734522432
2024-11-12,고려제강,19150,-1.24,478750000000,25000000,0.6706030117602909
2024-11-12,광동제약,5510,-1.78,288838889010,52420851,0.7739012872244632
2024-11-12,광명전기,1490,-4.18,64573046350,43337615,1.0417828856297298
2024-11-12,광전자,1778,-3.0,103024010614,57943763,0.681007060773784
2024-11-12,광주신세계,29250,-0.68,232747807500,7957190,0.2501025338697584
2024-11-12,교보증권,5190,-2.26,591467767590,113962961,0.4542227567876453
2024-11-12,교촌에프앤비,9300,7.14,232337622000,24982540,0.422685112289762
2024-11-12,국도화학,30150,-5.19,271670072400,9010616,0.6753832598498754
2024-11-12,국보,2110,0.0,33456978680,15856388,-0.06449094642882704
2024-11-12,국제약품,5990,8.91,126747393680,21159832,0.9392415145042229
2024-11-12,그린케미칼,5090,-2.49,122160000000,24000000,1.129299606454233
2024-11-12,극동유화,3695,-0.81,128842506900,34869420,0.44612313903219963
2024-11-12,금강공업,4460,5.44,130808932220,29329357,0.7065662868127504
2024-11-12,금강공업우,6800,0.0,4011150000,589875,0.26534042282404047
2024-11-12,금비,54100,-0.55,54100000000,1000000,0.40632992562917786
2024-11-12,금양,37100,-2.62,2153656372700,58050037,1.3090517761767
2024-11-12,금호건설,2920,5.04,107904497400,36953595,0.6289246487675882
2024-11-12,금호건설우,8820,-0.23,2577786120,292266,0.38104853389354887
2024-11-12,금호석유,110100,-2.57,3009538028700,27334587,0.8640409123344772
2024-11-12,금호석유우,56900,-1.73,172036353400,3023486,0.46695552784120636
2024-11-12,금호에이치티,559,-3.62,119577999229,213914131,0.6549436973657612
2024-11-12,금호전기,729,-0.68,31737541338,43535722,0.11013682460774132
2024-11-12,금호타이어,4375,0.46,1256763755625,287260287,0.8285341494074062
2024-11-12,기신정기,2505,-1.76,73146000000,29200000,0.41194379892038024
2024-11-12,기아,91900,-2.85,36746988522300,399858417,1.2141445785022305
2024-11-12,기업은행,14430,-1.16,11506855289670,797425869,0.5354100736789692
2024-11-12,까뮤이앤씨,1289,-0.92,77018819870,59750830,0.23739039830206604
2024-11-12,깨끗한나라,1980,-1.49,73736572140,37240693,0.8903605634874917
2024-11-12,깨끗한나라우,11450,-1.29,4192532000,366160,0.4235003876356574
2024-11-12,남광토건,9690,29.89,95277622680,9832572,0.3458934889674705
2024-11-12,남선알미늄,1342,-4.82,173224138780,129079090,0.9852803437454692
2024-11-12,남선알미우,16700,-1.76,5141763000,307890,0.8175472965024263
2024-11-12,남성,1215,-2.41,43997774400,36212160,0.8821383887516432
2024-11-12,남양유업,687000,0.0,466975197000,679731,0.38250924110902196
2024-11-12,남양유업우,399500,0.0,79900000000,200000,0.2963337400389405
2024-11-12,남해화학,6360,-1.4,315957441480,49678843,0.5028286703101059
2024-11-12,넥센,4600,-2.75,246302294200,53543977,0.5134648630364997
2024-11-12,넥센우,3100,-0.48,11161860000,3600600,0.26795534758215395
2024-11-12,넥센타이어,6440,-3.16,628981127880,97667877,0.5255093023245321
2024-11-12,넥센타이어1우B,3095,0.16,20117500000,6500000,0.2969773778906344
2024-11-12,넥스틸,10710,-4.12,278481420000,26002000,1.3635086228258888
2024-11-12,넷마블,50400,-0.4,4332056500800,85953502,0.7509222355603913
2024-11-12,노루페인트,8250,-2.6,165000000000,20000000,0.810356527962274
2024-11-12,노루페인트우,12120,-2.1,5613087120,463126,0.6245702738640204
2024-11-12,노루홀딩스,12820,-1.84,170392555820,13291151,0.549348998298008
2024-11-12,노루홀딩스우,26950,-1.28,6563915050,243559,0.1560982114655497
2024-11-12,녹십자,146800,-4.68,1715583778400,11686538,0.6833745578138776
2024-11-12,녹십자홀딩스,15300,-4.85,719531613000,47028210,0.7246686182067394
2024-11-12,녹십자홀딩스2우,23450,-2.29,19838465500,845990,0.3177400543687208
2024-11-12,농심,350500,-0.71,2131966021000,6082642,0.3052607656906727
2024-11-12,농심홀딩스,65100,-2.54,301920129000,4637790,0.3916958759458083
2024-11-12,다스코,3660,4.72,68796804060,18796941,0.7685953442012314
2024-11-12,다올투자증권,2500,-5.3,152277765000,60911106,0.5364580479416634
2024-11-12,다우기술,17890,-2.03,802663778130,44866617,0.7483269532802924
2024-11-12,다이나믹디자인,2320,-0.43,80229513840,34581687,0.9136294499303556
2024-11-12,대교,2300,-4.17,194816555000,84702850,0.705207161121141
2024-11-12,대교우B,1269,-2.38,24652850310,19426990,0.20525323754159974
2024-11-12,대구백화점,7170,-1.38,77590950870,10821611,-0.032294536607387916
2024-11-12,대덕,6430,-1.38,217913664500,33890150,0.30389663704939623
2024-11-12,대덕1우,6550,-0.15,7940938350,1212357,0.297312636664158
2024-11-12,대덕전자,16200,-5.32,800554185000,49416925,1.176078812323375
2024-11-12,대덕전자1우,8040,-2.07,16847972760,2095519,0.5023576177125724
2024-11-12,대동,9110,4.23,233587578680,25640788,1.056962003683225
2024-11-12,대동전자,15040,0.0,157776322880,10490447,-0.1544704196724268
2024-11-12,대림B&Co,3490,-2.24,58186117600,16672240,0.6351126628127942
2024-11-12,대림통상,2805,-2.94,42706125000,15225000,0.11402435741382558
2024-11-12,대상,19040,-3.01,659698396000,34648025,0.5840816651322149
2024-11-12,대상우,16280,-1.03,22307230440,1370223,0.9375721472332604
2024-11-12,대상홀딩스,8230,-1.08,298029187740,36212538,1.1151452773975457
2024-11-12,대상홀딩스우,19960,-3.57,18233100720,913482,0.8085042161150694
2024-11-12,대성산업,3310,-1.19,149729432180,45235478,0.6757807944016605
2024-11-12,대성에너지,8910,-1.76,245025000000,27500000,-0.08045254121905593
2024-11-12,대성홀딩스,7310,-2.66,117613945290,16089459,0.6493994544701015
2024-11-12,대신증권,16630,-1.42,844361642000,50773400,0.35143529703722237
2024-11-12,대신증권2우B,14450,-1.23,144500000000,10000000,0.3042202353181339
2024-11-12,대신증권우,15070,-0.66,391820000000,26000000,0.3078772826855171
2024-11-12,대양금속,1560,-4.24,66081578160,42359986,0.6809817561943367
2024-11-12,대영포장,993,-0.9,107635787157,108394549,0.8882250707478654
2024-11-12,대우건설,3585,-0.69,1490007157230,415622638,0.7129377957464316
2024-11-12,대웅,22300,-5.71,1296566154000,58141980,0.9319612982135136
2024-11-12,대웅제약,139000,-4.53,1610533925000,11586575,0.5914871899644971
2024-11-12,대원강업,3990,-2.56,247380000000,62000000,0.9003041625858311
2024-11-12,대원전선,2780,-7.79,208442106500,74979175,1.495170400520705
2024-11-12,대원전선우,3400,-6.08,8912080000,2621200,1.0174729466291628
2024-11-12,대원제약,14110,-1.74,316453196130,22427583,0.4650212427065025
2024-11-12,대원화성,996,-0.8,41084155392,41249152,0.758388434150875
2024-11-12,대유에이텍,1166,0.52,54503527320,46744020,0.7016205610572395
2024-11-12,대유플러스,1984,0.0,156936737152,79101178,0.06330226711116124
2024-11-12,대창,1153,-4.47,105084995347,91140499,0.9515353137176754
2024-11-12,대창단조,5270,-1.5,150575652100,28572230,0.6044681041419822
2024-11-12,대한방직,5360,-6.62,28408000000,5300000,0.355485776072955
2024-11-12,대한유화,91000,-2.05,591500000000,6500000,0.8492509188389114
2024-11-12,대한전선,11590,-5.0,2160924207000,186447300,1.255527355341835
2024-11-12,대한제강,14390,-1.1,336933172830,23414397,0.5254257637044554
2024-11-12,대한제당,2820,-2.59,252944355600,89696580,0.5110617620177654
2024-11-12,대한제당우,2395,-1.24,15526210200,6482760,0.3667646662285798
2024-11-12,대한제분,125600,-1.18,212264000000,1690000,0.3923332916005069
2024-11-12,대한항공,23200,-2.52,8542719335200,368220661,0.58274387443447
2024-11-12,대한항공우,23500,-0.84,26103659000,1110794,0.32704503935460716
2024-11-12,대한해운,1737,-2.31,557941683150,321209950,0.8025128751019757
2024-11-12,대한화섬,114000,-0.78,151392000000,1328000,0.3692348992253132
2024-11-12,대현,2070,-2.82,91664381700,44282310,0.3437786243762164
2024-11-12,대호에이엘,1146,-1.38,77406450816,67544896,0.4397661179852725
2024-11-12,더본코리아,47750,15.34,690752932500,14466030,-3.3250891469324317
2024-11-12,더블유게임즈,47150,-5.89,1013531967900,21495906,0.3416628450437376
2024-11-12,더존비즈온,62800,2.95,1908038835200,30382784,0.9496954364811331
2024-11-12,덕성,6220,-5.33,97529600000,15680000,0.6539482583547811
2024-11-12,덕성우,9150,-4.39,12736800000,1392000,0.6075491751583318
2024-11-12,덕양산업,2970,-3.88,96717990600,32564980,1.428774186309828
2024-11-12,덴티움,58100,-3.97,643099023000,11068830,0.6834911469638282
2024-11-12,도화엔지니어링,7140,3.33,240760800000,33720000,0.5666501252184737
2024-11-12,동국씨엠,6210,-4.17,185670653760,29898656,0.893507028718096
2024-11-12,동국제강,8140,-4.57,403809258380,49608017,0.8141382198277999
2024-11-12,동국홀딩스,7640,-1.55,242955690120,31800483,0.8169433728503044
2024-11-12,동남합성,31300,-0.32,109550000000,3500000,0.1430914631859563
2024-11-12,동방,2195,-2.44,105298026370,47971766,0.9650883153730727
2024-11-12,동방아그로,6200,-0.96,84428977400,13617577,0.18711492061915394
2024-11-12,동부건설,3915,-0.63,89834940675,22946345,0.4555982830067517
2024-11-12,동부건설우,21700,2.12,4898384400,225732,0.10308491207345305
2024-11-12,동서,25700,-0.77,2562290000000,99700000,0.14536780895339926
2024-11-12,동성제약,4500,0.0,117454365000,26100970,0.1086939658523994
2024-11-12,동성케미컬,4155,-2.35,206460819840,49689728,0.4804733608760857
2024-11-12,동아쏘시오홀딩스,117900,-2.56,748536842700,6348913,0.2831187633932314
2024-11-12,동아에스티,73800,-0.94,676549987200,9167344,0.5553033277560576
2024-11-12,동아지질,13460,2.36,189148615160,14052646,0.6534948830091282
2024-11-12,동양,748,-1.19,178535679124,238684063,0.560218645703335
2024-11-12,동양2우B,8830,-2.97,2724664270,308569,0.09900005686682042
2024-11-12,동양고속,8200,-0.61,23743665800,2895569,0.2818880231000434
2024-11-12,동양생명,5570,-2.62,898767318450,161358585,0.6183016879931382
2024-11-12,동양우,4895,11.25,3023793245,617731,0.20302926437803323
2024-11-12,동양철관,755,-1.95,118574380800,157052160,1.0424622057266932
2024-11-12,동양피스톤,4890,-4.12,64393769400,13168460,0.6264899952911736
2024-11-12,동원F&B,32200,0.16,621318964000,19295620,0.34365764128880494
2024-11-12,동원금속,1190,-3.49,55638370270,46754933,1.0159623175336294
2024-11-12,동원산업,33600,-2.18,1210335672000,36021895,0.5046688606131643
2024-11-12,동원수산,5660,-0.7,26340536300,4653805,0.4129537392701907
2024-11-12,동원시스템즈,46900,-1.37,1359691125800,28991282,1.0826519851319671
2024-11-12,동원시스템즈우,21950,-3.09,5797236450,264111,0.3790045947659629
2024-11-12,동인기연,17400,-4.61,106627200000,6128000,0.6097502563331839
2024-11-12,동일고무벨트,7840,-0.25,108976000000,13900000,1.1958096851580433
2024-11-12,동일산업,38800,-0.13,94098342000,2425215,0.27084037536817057
2024-11-12,동일제강,1557,11.13,31607660520,20300360,0.5326889521117204
2024-11-12,동화약품,6950,-3.34,194123716500,27931470,0.6861875228242758
2024-11-12,두산,218500,-6.62,3610457947500,16523835,1.7574812273118725
2024-11-12,두산2우B,99400,-3.78,88767977200,893038,1.2273733728766831
2024-11-12,두산로보틱스,65000,-2.55,4213298700000,64819980,1.2451137736975286
2024-11-12,두산밥캣,38750,-2.64,3884655182500,100249166,1.089965862187672
2024-11-12,두산에너빌리티,20850,-0.24,13355699894100,640561146,1.2163641271554337
2024-11-12,두산우,102700,-4.64,410436647400,3996462,1.2515872603798832
2024-11-12,두산퓨얼셀,15420,-4.04,1009913254920,65493726,1.3112056065428874
2024-11-12,두산퓨얼셀1우,4520,-6.22,60406184000,13364200,0.8822178709590972
2024-11-12,두산퓨얼셀2우B,7720,-3.74,23054236000,2986300,0.8348926355077929
2024-11-12,두올,3320,-2.21,106461377600,32066680,0.9587056509989451
2024-11-12,드림텍,8210,-0.73,565587236610,68890041,0.9888243520882709
2024-11-12,디씨엠,11520,-2.29,131328000000,11400000,0.33405253924575834
2024-11-12,디아이,14500,-4.48,410350000000,28300000,1.6436737259370802
2024-11-12,디아이씨,3300,-5.04,128332277700,38888569,1.1694285531222168
2024-11-12,디앤디플랫폼리츠,2650,-2.21,170660000000,64400000,0.24141664036408586
2024-11-12,디와이,4400,-4.97,115806385200,26319633,0.9833301558101097
2024-11-12,디와이파워,13110,1.79,144756791880,11041708,0.5691859395356221
2024-11-12,락앤락,8670,0.0,375639983370,43326411,0.04722790478371999
2024-11-12,롯데관광개발,8840,1.61,673574257720,76196183,0.6506520690631433
2024-11-12,롯데렌탈,28300,-1.22,1036743982900,36634063,0.4049946296802281
2024-11-12,롯데리츠,3190,-0.93,775070739960,242968884,0.33569316554310047
2024-11-12,롯데손해보험,2075,-6.11,643947864000,310336320,0.807271524047823
2024-11-12,롯데쇼핑,60800,-1.46,1719956304000,28288755,0.5270504064886822
2024-11-12,롯데에너지머티리얼즈,32150,0.78,1482463345250,46110835,1.3051521682972798
2024-11-12,롯데웰푸드,111500,-2.53,1051955001000,9434574,0.379360043883903
2024-11-12,롯데이노베이트,20500,-5.31,310152023500,15129367,1.121071030690393
2024-11-12,롯데정밀화학,38600,-3.14,995880000000,25800000,0.5558128777516677
2024-11-12,롯데지주,22250,-2.63,2334230523250,104909237,0.5724260801376584
2024-11-12,롯데지주우,29800,0.17,24006969400,805603,0.3172943564901937
2024-11-12,롯데칠성,109200,-3.02,1013254132800,9278884,0.2729580746788888
2024-11-12,롯데칠성우,64600,-1.37,50085026000,775310,0.24622663588722243
2024-11-12,롯데케미칼,77400,-2.15,3310817430600,42775419,0.8773135629252523
2024-11-12,롯데하이마트,7680,-1.16,181307228160,23607712,0.519034730915618
2024-11-12,마니커,870,-3.12,55254768360,63511228,0.2791408962224354
2024-11-12,마스턴프리미어리츠,1694,-2.76,45026520000,26580000,0.2812712429312132
2024-11-12,만호제강,30000,0.0,124500000000,4150000,0.2091102035603608
2024-11-12,맥쿼리인프라,11300,-2.25,5411818520900,478921993,0.21210433135827783
2024-11-12,맵스리얼티1,4265,-3.18,395938421715,92834331,0.2770409585448068
2024-11-12,메리츠금융지주,104000,-1.14,19834891856000,190720114,0.8091399796101488
2024-11-12,메타랩스,1487,-8.21,37033272543,24904689,0.5960071171318714
2024-11-12,메타케어,325,-6.61,53552643300,164777364,0.5602177654387142
2024-11-12,명문제약,2000,-2.68,67906908000,33953454,0.8402422879974177
2024-11-12,명신산업,13890,0.0,728810147370,52470133,1.2052165011426725
2024-11-12,모나리자,3070,-1.13,112273752850,36571255,0.6728302757910181
2024-11-12,모나미,2050,-3.76,38739479350,18897307,0.6555457181604682
2024-11-12,모나용평,3220,-4.73,154989332260,48133333,0.7143611683063489
2024-11-12,모토닉,8500,-1.85,280500000000,33000000,0.34365072447547823
2024-11-12,무림P&P,2560,-3.4,159662909440,62368324,0.41322884647067787
2024-11-12,무림페이퍼,1985,-1.98,82594480350,41609310,0.5980538493997761
2024-11-12,무학,6060,0.33,172710000000,28500000,0.4942582017382793
2024-11-12,문배철강,2200,-2.87,45107711000,20503505,0.7439466745684001
2024-11-12,미래산업,1110,0.54,34595220150,31166865,0.9390062364574199
2024-11-12,미래아이앤지,1018,-3.42,29398422944,28878608,0.6807629936291417
2024-11-12,미래에셋글로벌리츠,2630,-2.59,104163622200,39605940,0.31735108756696556
2024-11-12,미래에셋맵스리츠,2700,-3.91,67486783500,24995105,0.21449156137217593
2024-11-12,미래에셋생명,5190,-1.7,918714020910,177016189,0.22987900073340845
2024-11-12,미래에셋증권,8370,-2.11,4982798334960,595316408,1.1096707223744828
2024-11-12,미래에셋증권2우B,3940,-2.6,551600000000,140000000,0.6426095835009428
2024-11-12,미래에셋증권우,4235,-1.05,59610801250,14075750,0.5818821111568563
2024-11-12,미원상사,194000,-1.82,921500000000,4750000,0.38661666034017533
2024-11-12,미원에스씨,132200,-1.05,661000000000,5000000,0.15157646093030583
2024-11-12,미원홀딩스,78400,-0.88,181888000000,2320000,0.19475787949928194
2024-11-12,미원화학,79300,-0.5,174401952400,2199268,0.16488309269008875
2024-11-12,미창석유,93800,-2.39,163181233600,1739672,0.39165615073999144
2024-11-12,바이오노트,4575,-3.28,466906419600,102056048,0.5335366041607313
2024-11-12,방림,3380,-1.17,143021624200,42314090,0.6357480276372328
2024-11-12,백광산업,8790,-3.09,394832797530,44918407,0.9012730887762811
2024-11-12,백산,12640,-1.79,271760000000,21500000,0.731763357262014
2024-11-12,범양건영,1708,29.98,42413025256,24831982,0.6159089621943945
2024-11-12,벽산,1936,-2.17,130796160000,67560000,0.6518942350612308
2024-11-12,보락,1168,-2.34,69963200000,59900000,0.6299743644627748
2024-11-12,보령,10580,-3.02,726740200000,68690000,0.8311174446641266
2024-11-12,보해양조,404,-2.88,56204532116,139120129,0.4778957240520498
2024-11-12,부광약품,4520,-3.52,309415112920,68454671,0.7803837819066339
2024-11-12,부국증권,27850,-0.18,288801325100,10369886,0.48683541666849833
2024-11-12,부국증권우,22300,0.22,66900000000,3000000,0.18481215252697
2024-11-12,부국철강,2415,-3.59,48300000000,20000000,0.8687772393931871
2024-11-12,부산산업,58000,-4.61,61248000000,1056000,0.656332522797195
2024-11-12,부산주공,486,0.0,38288532168,78782988,0.0
2024-11-12,비비안,763,-2.68,22732814370,29793990,0.5657938124778116
2024-11-12,비상교육,5830,-3.48,75771000030,12996741,0.5763085989878307
2024-11-12,비에이치,15760,3.34,543158613040,34464379,0.9645531929793941
2024-11-12,빙그레,61000,-3.33,600925701000,9851241,0.24082148868897818
2024-11-12,사조대림,39700,-3.64,363829339900,9164467,0.9779705891398563
2024-11-12,사조동아원,969,-1.72,136769117400,141144600,0.3754491974057434
2024-11-12,사조산업,39800,-1.36,199000000000,5000000,0.5473448235095528
2024-11-12,사조씨푸드,5230,-3.86,90052979890,17218543,0.6993692911839378
2024-11-12,사조오양,8050,-0.62,75853048950,9422739,0.24690600367791302
2024-11-12,산일전기,61200,-0.81,1863246240000,30445200,1.723052582757835
2024-11-12,삼부토건,1320,3.61,295167607680,223611824,0.6650072669770013
2024-11-12,삼성E&A,17600,-1.46,3449600000000,196000000,0.9100751198993452
2024-11-12,삼성FN리츠,4255,-2.3,387417750000,91050000,0.12053273266891563
2024-11-12,삼성SDI,264500,-3.64,18188218185000,68764530,1.2288166633213997
2024-11-12,삼성SDI우,167900,-4.38,271644738400,1617896,1.0026521185276527
2024-11-12,삼성공조,9460,-5.68,76874930440,8126314,1.031740425995796
2024-11-12,삼성물산,120000,-1.07,21334092840000,177784107,1.1272847360417768
2024-11-12,삼성물산우B,89800,-0.99,131789582000,1467590,0.9783848886481284
2024-11-12,삼성바이오로직스,987000,-1.99,70248738000000,71174000,0.5468725100855446
2024-11-12,삼성생명,101000,-2.32,20200000000000,200000000,0.9326779722820223
2024-11-12,삼성에스디에스,137300,2.23,10623971940000,77377800,0.6107661843027882
2024-11-12,삼성전기,111000,-1.25,8291000256000,74693696,1.0882708136791102
2024-11-12,삼성전기우,53200,-4.32,154651548800,2906984,1.0152594477417882
2024-11-12,삼성전자,53000,-3.64,316398475150000,5969782550,1.2366348183815103
2024-11-12,삼성전자우,44750,-2.72,36824179825000,822886700,1.052621699652029
2024-11-12,삼성제약,1516,-0.85,142749711764,94162079,0.44168531355851265
2024-11-12,삼성중공업,11580,-2.03,10190400000000,880000000,0.8890823398088992
2024-11-12,삼성증권,45450,-2.78,4058685000000,89300000,0.8270617743496511
2024-11-12,삼성출판사,15060,10.01,150600000000,10000000,0.8056198743849711
2024-11-12,삼성카드,40650,0.49,4709663919150,115858891,0.29293981774033023
2024-11-12,삼성화재,344000,-1.29,16296943928000,47374837,1.0904662562106193
2024-11-12,삼성화재우,266500,-0.37,850668000000,3192000,0.6705760770337141
2024-11-12,삼아알미늄,42800,-3.06,629670004800,14711916,1.2080560083235874
2024-11-12,삼양사,49100,-2.39,506390345900,10313449,0.6416424085263148
2024-11-12,삼양사우,30900,-0.96,11435163000,370070,0.33072329086383445
2024-11-12,삼양식품,543000,-3.38,4090427145000,7533015,0.877697035165078
2024-11-12,삼양통상,49550,1.75,148650000000,3000000,0.3264562749701652
2024-11-12,삼양패키징,16830,-0.24,265723332930,15788671,0.2184381867059751
2024-11-12,삼양홀딩스,67700,-2.45,579801146700,8564271,0.45397013534505043
2024-11-12,삼양홀딩스우,55400,-1.42,16844813200,304058,0.21968340510258874
2024-11-12,삼영,3905,-2.38,132770000000,34000000,1.100325987724458
2024-11-12,삼영무역,12700,-0.86,234530239600,18466948,0.24692297897596543
2024-11-12,삼영전자,10450,0.48,209000000000,20000000,0.5644547352723547
2024-11-12,삼원강재,2495,-3.48,99800000000,40000000,0.5553123137433849
2024-11-12,삼익THK,8600,-2.27,180600000000,21000000,1.220724553047745
2024-11-12,삼익악기,1091,-0.82,98769228265,90530915,0.380918974495695
2024-11-12,삼일씨엔에스,4055,0.37,51628045085,12731947,0.37733993939064087
2024-11-12,삼일제약,14290,-4.48,308965519000,21621100,0.878194683741435
2024-11-12,삼정펄프,26250,-2.23,65624238750,2499971,0.1887778895932068
2024-11-12,삼진제약,17280,-2.65,240192000000,13900000,0.4084990644588069
2024-11-12,삼천리,87800,-1.46,356031195000,4055025,0.5059006685120868
2024-11-12,삼호개발,3235,2.05,80875000000,25000000,0.3136557702638957
2024-11-12,삼화왕관,30300,-0.33,65277683700,2154379,0.2818943394615763
2024-11-12,삼화전기,32050,-6.97,211972931000,6613820,1.9654679146376839
2024-11-12,삼화전자,2595,-3.89,43862506500,16902700,1.0588825481328974
2024-11-12,삼화콘덴서,29200,-4.26,303534000000,10395000,1.2543570564527935
2024-11-12,삼화페인트,6400,-4.05,174102201600,27203469,0.7357414384431236
2024-11-12,상상인증권,444,-0.89,48101681280,108337120,0.159963257290826
2024-11-12,상신브레이크,3260,-3.55,69996927000,21471450,0.754471947583772
2024-11-12,새론오토모티브,3550,-7.07,68160000000,19200000,0.33745849626147406
2024-11-12,샘표,41800,-4.02,120208440000,2875800,0.46343776450031465
2024-11-12,샘표식품,26400,-5.21,120602750400,4568286,0.7481877047183676
2024-11-12,서연,6770,-4.65,158958543880,23479844,1.570972866951901
2024-11-12,서연이화,12500,-4.94,337855462500,27028437,1.7041796853777154
2024-11-12,서울가스,51000,-1.92,255000000000,5000000,0.45468111918505744
2024-11-12,서울식품,145,-3.33,54339556055,374755559,0.3430900724857946
2024-11-12,서울식품우,1200,-1.72,2669400000,2224500,0.24662798471424846
2024-11-12,서원,1177,-2.49,55877592430,47474590,0.8951126306990178
2024-11-12,서흥,14250,-2.6,164859860250,11569113,0.6491524951289388
2024-11-12,선도전기,3000,0.0,54000000000,18000000,0.0
2024-11-12,선진,6130,-3.62,145768972520,23779604,0.6110056276017469
2024-11-12,성문전자,1170,-4.1,26279352450,22460985,0.9098962356810025
2024-11-12,성문전자우,4965,1.64,2979000000,600000,0.3399742290737361
2024-11-12,성보화학,2610,-0.19,52252200000,20020000,0.33924824739097187
2024-11-12,성신양회,8110,0.5,198825352030,24516073,0.5782490671862155
2024-11-12,성신양회우,11580,1.67,8518769100,735645,0.43464176699310136
2024-11-12,성안머티리얼스,424,5.21,34803021552,82082598,0.25175615727881506
2024-11-12,성창기업지주,1425,0.0,99396030000,69751600,0.5966956751368736
2024-11-12,세기상사,5910,0.0,32852791680,5558848,0.4026453369688442
2024-11-12,세방,11700,-2.5,225911673000,19308690,0.8111976887727521
2024-11-12,세방우,7550,-2.83,27853837500,3689250,0.39865282782386885
2024-11-12,세방전지,70100,-0.57,981400000000,14000000,1.059745958678465
2024-11-12,세아베스틸지주,23650,-3.47,848139114350,35862119,0.7669103933107099
2024-11-12,세아제강,115000,-3.52,326174500000,2836300,0.5521891524015273
2024-11-12,세아제강지주,178500,-7.13,739285774500,4141657,0.5287419782468393
2024-11-12,세아특수강,13650,-0.94,116980500000,8570000,0.30521581251863017
2024-11-12,세아홀딩스,99500,-1.97,398000000000,4000000,0.3802050128550428
2024-11-12,세우글로벌,1177,0.0,33785821487,28705031,0.44846739332935043
2024-11-12,세원이앤씨,1270,0.0,54838923850,43180255,0.0
2024-11-12,세원정공,6930,0.14,69300000000,10000000,0.619123342069287
2024-11-12,세이브존I&C,2060,-1.67,84544243700,41040895,0.710455486453446
2024-11-12,세진중공업,7300,-1.88,415001028800,56849456,0.8288989538333297
2024-11-12,셀트리온,165900,-4.71,36003815421000,217021190,0.8034595478885866
2024-11-12,솔루스첨단소재,10210,-2.95,716919082240,70217344,1.2832438334661702
2024-11-12,솔루스첨단소재1우,2485,-3.31,42018283510,16908766,0.8362179439011485
2024-11-12,솔루스첨단소재2우B,5620,-3.6,21234023520,3778296,0.9405877616666339
2024-11-12,솔루엠,18180,-1.84,909100917180,50005551,0.5105317526362014
2024-11-12,송원산업,11650,-5.9,279600000000,24000000,0.8404323939702013
2024-11-12,수산인더스트리,22350,-3.66,319292100000,14286000,0.8384138413574389
2024-11-12,수산중공업,1835,-0.22,114502403550,62399130,0.7883501213764382
2024-11-12,스카이라이프,4815,-1.33,228823028325,47522955,0.39016777504829553
2024-11-12,스타에스엠리츠,2550,-0.97,19958378250,7826815,0.8224565027436476
2024-11-12,스틱인베스트먼트,7370,-5.99,307168149750,41678175,0.5402642262557829
2024-11-12,시디즈,29100,-8.2,58200000000,2000000,0.3005392713810498
2024-11-12,시프트업,56900,-5.95,3319245568000,58334720,1.2659383587218067
2024-11-12,신대양제지,6020,0.67,242592876400,40297820,0.39192998977650706
2024-11-12,신도리코,39650,-2.94,399673149850,10080029,0.4446200859017585
2024-11-12,신라교역,9170,-1.61,146720000000,16000000,0.5662782657897072
2024-11-12,신성이엔지,1222,-3.32,251546440522,205848151,0.9761558526120069
2024-11-12,신성통상,2110,-2.09,303224702900,143708390,0.3383824692798802
2024-11-12,신세계,133500,-2.48,1314331663500,9845181,0.6010744141974266
2024-11-12,신세계 I&C,9040,-3.83,155488000000,17200000,0.6638018679507424
2024-11-12,신세계건설,18080,-0.11,140310816320,7760554,0.5789394681257446
2024-11-12,신세계인터내셔날,10830,-8.22,386631000000,35700000,0.554518010185279
2024-11-12,신세계푸드,33300,-2.63,128953584000,3872480,0.4554634760760155
2024-11-12,신송홀딩스,6960,-5.56,82328851680,11828858,0.6920250222179095
2024-11-12,신영와코루,9040,-0.33,81360000000,9000000,0.27590589309083474
2024-11-12,신영증권,78600,-1.75,1292184000000,16440000,0.1783956035942045
2024-11-12,신원,1272,-1.09,130489844832,102586356,0.4400131543701478
2024-11-12,신일전자,1455,-2.61,103374143055,71047521,0.43868079097394896
2024-11-12,신풍,847,-5.04,29610018900,34958700,0.2614291923502328
2024-11-12,신풍제약,10970,-4.77,581245340300,52984990,1.0080520353138394
2024-11-12,신풍제약우,18310,-3.07,40282000000,2200000,0.5946502623954157
2024-11-12,신한글로벌액티브리츠,1930,-0.97,83911891520,43477664,0.41912725098099934
2024-11-12,신한서부티엔디리츠,3215,-1.38,179898167060,55955884,0.2793379300147899
2024-11-12,신한알파리츠,5480,-3.18,482788674040,88100123,0.21666523110586686
2024-11-12,신한지주,55800,-1.24,28424141341200,509393214,1.0517555840161013
2024-11-12,신흥,14310,-0.07,135945000000,9500000,-0.04734276106159043
2024-11-12,쌍방울,13450,0.0,70637274900,5251842,0.0
2024-11-12,써니전자,1615,-2.36,59275157660,36702884,0.784213353382374
2024-11-12,쏘카,17500,-2.18,574260785000,32814902,0.29749635167752725
2024-11-12,씨아이테크,1283,-2.88,64234412419,50065793,0.18480625684856683
2024-11-12,씨에스윈드,43950,-4.04,1853433161850,42171403,1.2433107294702825
2024-11-12,씨티알모빌리티,4820,-2.92,41500200000,8610000,0.8126782500307219
2024-11-12,아남전자,1200,-6.03,92549784000,77124820,1.0859957409673027
2024-11-12,아모레G,22000,-2.65,1814079960000,82458180,0.49108192670540296
2024-11-12,아모레G3우(전환),17480,-2.51,123971656000,7092200,0.3402927595782543
2024-11-12,아모레G우,8860,-3.17,57091802200,6443770,0.37378741343736827
2024-11-12,아모레퍼시픽,111200,-4.63,6504394800800,58492759,0.43339778007297636
2024-11-12,아모레퍼시픽우,33300,-2.06,351575739000,10557830,0.4956661474625642
2024-11-12,아세아,250500,-1.18,529969824000,2115648,0.24486569049649215
2024-11-12,아세아시멘트,10640,-2.65,409660067040,38501886,0.4699192710662961
2024-11-12,아세아제지,8200,-1.09,350816582000,42782510,0.2557934508737573
2024-11-12,아센디오,409,-1.45,42359920592,103569488,0.8140925891602522
2024-11-12,아시아나IDT,17370,-1.92,192807000000,11100000,0.7960056885213113
2024-11-12,아시아나항공,9490,-2.97,706167640360,74411764,0.6392341981642142
2024-11-12,아이마켓코리아,8230,-1.08,275119353200,33428840,0.28740669237471883
2024-11-12,아이에스동서,19220,-3.61,580193678720,30186976,0.9067081668454878
2024-11-12,아주스틸,5000,-2.53,132588720000,26517744,0.6387048503802477
2024-11-12,아진전자부품,1098,-0.54,54131147460,49299770,0.12910790599146574
2024-11-12,알루코,2165,-5.04,209637235780,96830132,1.1815004407615777
2024-11-12,애경산업,14450,-6.47,381623560750,26409935,0.7077564531963647
2024-11-12,애경케미칼,9650,-2.92,469460041850,48648709,1.2315033781448466
2024-11-12,에넥스,505,-4.17,30295778705,59991641,0.34996928481181105
2024-11-12,에스디바이오센서,8050,-5.18,1002042691650,124477353,0.9100347333724567
2024-11-12,에스엘,30800,-3.14,1430614416000,46448520,0.9319463823061334
2024-11-12,에스엠벡셀,1175,-1.26,130720818000,111251760,0.31632079300198396
2024-11-12,에스원,63600,-1.7,2416747720800,37999178,0.39999430928233126
2024-11-12,에쓰씨엔지니어링,1767,0.91,60057091089,33988167,0.534250618386775
2024-11-12,에어부산,2365,-0.21,275853600000,116640000,0.569600379679243
2024-11-12,에이리츠,3130,0.0,13969290160,4463032,-0.012373911222683815
2024-11-12,에이블씨엔씨,6410,-8.56,166750772010,26014161,1.0114919209131708
2024-11-12,에이엔피,710,-4.83,32032994740,45116894,0.46834320495444487
2024-11-12,에이프로젠,1068,-2.91,306357688224,286851768,1.1940911187504206
2024-11-12,에이프로젠바이오로직스,797,-0.38,158131052465,198407845,0.8763437342227395
2024-11-12,에이플러스에셋,4405,-1.89,99586887665,22607693,0.6014661912603247
2024-11-12,에이피알,42050,-10.72,1602668049500,38113390,0.5834635325794629
2024-11-12,에코프로머티,115700,6.64,7991468188600,69070598,1.6021828674465053
2024-11-12,엔씨소프트,205500,-1.67,4511551521000,21954022,0.7369691153315405
2024-11-12,엔케이,759,-3.31,60707364168,79983352,0.5870104280658621
2024-11-12,엘브이엠씨홀딩스,1950,-2.4,334597401450,171588411,0.6043320877472468
2024-11-12,엘앤에프,118200,0.08,4290227151600,36296338,1.3289351870353228
2024-11-12,엠씨넥스,18380,-1.71,330430714160,17977732,0.8832982207019903
2024-11-12,영보화학,3400,0.0,68000000000,20000000,0.3881719539995566
2024-11-12,영원무역,38650,-3.38,1712638238200,44311468,0.6210990449256575
2024-11-12,영원무역홀딩스,84700,-0.94,1154934642400,13635592,0.3869055363527637
2024-11-12,영진약품,2120,-2.3,387732589720,182892731,0.5621141582838451
2024-11-12,영풍,468000,3.08,862074720000,1842040,0.6809871920562951
2024-11-12,영풍제지,1175,-3.61,54616523900,46482148,0.6279515671083123
2024-11-12,영화금속,777,-0.13,40143320385,51664505,0.3384781294441039
2024-11-12,영흥,435,-2.68,44070011820,101310372,0.41905174302344494
2024-11-12,예스코홀딩스,49900,-2.35,299400000000,6000000,0.24459248859925167
2024-11-12,오뚜기,390000,-1.27,1563053700000,4007830,0.34421317292887765
2024-11-12,오리엔트바이오,445,-2.2,52769437225,118583005,0.4322435307345182
2024-11-12,오리온,98100,-0.91,3878494549200,39536132,0.5354831331311896
2024-11-12,오리온홀딩스,15950,-0.37,999194480900,62645422,0.20571748705700152
2024-11-12,온타이드,392,-3.69,26392535624,67327897,1.2836741277482753
2024-11-12,와이투솔루션,2540,-1.36,92898960760,36574394,0.8185817208549967
2024-11-12,우리금융지주,16110,0.06,11963149081110,742591501,0.7224872477705169
2024-11-12,우성,15770,-1.44,48729300000,3090000,0.3925698940654206
2024-11-12,우신시스템,7560,-3.94,138454248240,18314054,0.6887370814952044
2024-11-12,우진,8120,-0.98,165027745680,20323614,1.0765627288974062
2024-11-12,우진아이엔에스,3170,-4.8,24161740000,7622000,0.7420225249621356
2024-11-12,우진플라임,2195,-0.23,43900000000,20000000,0.49568904289734117
2024-11-12,웅진,858,-4.03,68577434640,79927080,0.8101477309401832
2024-11-12,웅진씽크빅,1650,-2.31,190584875250,115505985,0.6060183288142288
2024-11-12,원림,14690,-2.91,33757179300,2297970,0.4707709269425397
2024-11-12,웰바이오텍,545,0.0,49553256815,90923407,0.19277837337391468
2024-11-12,윌비스,395,-7.28,26558235405,67236039,0.5223314790799031
2024-11-12,유나이티드제약,19140,-3.63,312629353080,16333822,0.6353076188707355
2024-11-12,유니드,61600,-2.07,416884160000,6767600,0.5483669294284883
2024-11-12,유니드비티플러스,4120,-5.72,43718205800,10611215,0.6921675005011907
2024-11-12,유니온,4840,7.56,75560235960,15611619,0.6609278941031376
2024-11-12,유니온머티리얼,2185,-1.8,91770000000,42000000,0.70710926888805
2024-11-12,유니켐,1427,-2.93,138414957309,96997167,0.48566907635879497
2024-11-12,유니퀘스트,4530,-4.93,98726887950,21794015,1.5174866622444145
2024-11-12,유성기업,1950,-1.02,50597625000,25947500,0.35036456308343544
2024-11-12,유수홀딩스,5030,-0.59,130990314360,26041812,0.3434363754144018
2024-11-12,유안타증권,2770,-3.15,552882515520,199596576,0.6309802337249678
2024-11-12,유안타증권우,2870,-1.2,37058048440,12912212,0.46589212771512784
2024-11-12,유엔젤,4990,-0.6,65845315460,13195454,0.49835545975975626
2024-11-12,유유제약,4010,-4.18,68299727510,17032351,0.8488616878872826
2024-11-12,유유제약1우,4805,-3.8,10892598650,2266930,0.5494366508077646
2024-11-12,유유제약2우B,10010,-1.38,3258855600,325560,0.604814311683136
2024-11-12,유진투자증권,3675,1.24,355984086150,96866418,1.1433978403505103
2024-11-12,유한양행,126900,-4.23,10178530221600,80209064,0.868130717905386
2024-11-12,유한양행우,115600,-3.43,136516664000,1180940,0.7395518773968521
2024-11-12,유화증권,2215,-0.67,125595849225,56702415,0.25494458446908247
2024-11-12,유화증권우,2235,2.05,39059809875,17476425,0.07172061103769736
2024-11-12,율촌화학,28000,-2.27,694400000000,24800000,0.9991778775469942
2024-11-12,이건산업,4930,0.0,53996490550,10952635,0.7333023090938702
2024-11-12,이구산업,4005,-4.42,133935210000,33442000,1.1650854192632207
2024-11-12,이노션,19620,-2.87,784800000000,40000000,0.28784437403836693
2024-11-12,이리츠코크렙,4180,-1.99,264767846200,63341590,0.16957709095465578
2024-11-12,이마트,57900,-2.85,1614009920100,27875819,0.6656699419632525
2024-11-12,이수스페셜티케미컬,42800,19.39,1292914384000,30208280,0.9329059568573478
2024-11-12,이수페타시스,24650,0.41,1559024228350,63246419,2.0195841742680063
2024-11-12,이수화학,7670,6.68,174283408130,22722739,1.152602386016147
2024-11-12,이스타코,693,-0.86,29696158800,42851600,0.42049830354574913
2024-11-12,이아이디,1392,0.0,354103029120,254384360,0.0
2024-11-12,이엔플러스,1072,4.69,78657709488,73374729,0.9510562412365141
2024-11-12,이연제약,15200,0.26,282519527200,18586811,0.9117127967996376
2024-11-12,이월드,1561,-4.0,221359467273,141806193,0.8392527214294362
2024-11-12,이지스레지던스리츠,3850,-1.03,141934877700,36866202,0.18426224874667943
2024-11-12,이지스밸류리츠,5190,-0.76,266991604110,51443469,0.1345863533638186
2024-11-12,이화산업,11150,-1.93,31220000000,2800000,0.6054895007695936
2024-11-12,인디에프,774,-6.63,58137458130,75112995,0.5491546353543636
2024-11-12,인바이오젠,9340,0.0,93812977440,10044216,0.0
2024-11-12,인스코비,1573,1.48,187767433854,119368998,0.5780667267305161
2024-11-12,인지컨트롤스,5860,-2.98,92641894420,15809197,0.8717605138109283
2024-11-12,인천도시가스,25450,-0.39,111337489300,4374754,0.17399305680348187
2024-11-12,인터지스,2180,-1.36,64850365320,29747874,0.4982796304026232
2024-11-12,인팩,6920,-0.43,69200000000,10000000,0.6234954137913931
2024-11-12,일동제약,12220,-3.25,342923762220,28062501,0.8537069351892301
2024-11-12,일동홀딩스,7040,-3.69,81244416000,11540400,0.8007088794460224
2024-11-12,일성건설,1752,29.97,94651589760,54024880,0.6285550566252273
2024-11-12,일성아이에스,15830,-1.55,210539000000,13300000,0.5000280919097302
2024-11-12,일신방직,7700,0.13,179256000000,23280000,0.5223055116799421
2024-11-12,일신석재,1699,-4.66,131598780390,77456610,0.5958340476029452
2024-11-12,일양약품,12120,-2.96,231318247680,19085664,0.49099771303565215
2024-11-12,일양약품우,11570,0.0,5149575600,445080,0.28957334134721663
2024-11-12,일정실업,13360,-7.86,16032000000,1200000,0.5948877221244991
2024-11-12,일진다이아,12300,0.24,174696592500,14202975,1.0515248527712693
2024-11-12,일진디스플,860,-2.27,44301817260,51513741,0.5162346517719145
2024-11-12,일진전기,27250,-4.22,1299426877500,47685390,1.4832180162403032
2024-11-12,일진하이솔루스,18230,-6.32,661989453700,36313190,0.8626678515141807
2024-11-12,일진홀딩스,3985,-3.04,196649719755,49347483,0.692359773481261
2024-11-12,잇츠한불,11450,-1.21,251090656750,21929315,0.7638250983422333
2024-11-12,자이에스앤디,3495,-3.85,135544907400,38782520,0.6264259022596234
2024-11-12,자화전자,14310,-4.22,317050499700,22155870,0.9998271273605611
2024-11-12,전방,18680,-2.86,31382400000,1680000,0.3559714743134163
2024-11-12,전진건설로봇,25050,-4.57,365543252250,14592545,0.8998300460450316
2024-11-12,제이알글로벌리츠,2825,-4.56,557587200000,197376000,0.22563414530195497
2024-11-12,제이에스코퍼레이션,14370,-7.11,191801103360,13347328,0.7031138895590437
2024-11-12,제이준코스메틱,4440,-4.62,19912716240,4484846,0.2501975593405381
2024-11-12,제일기획,17710,-1.17,2037380094750,115041225,0.33666551956731067
2024-11-12,제일약품,13000,-5.59,191163336000,14704872,0.8067882288374514
2024-11-12,제일연마,8820,-2.22,87318000000,9900000,0.19043751022304342
2024-11-12,제일파마홀딩스,8220,-4.86,131300978100,15973355,0.8049178117177398
2024-11-12,제주은행,8010,-1.96,257351479740,32128774,0.5509390961489162
2024-11-12,제주항공,9000,-2.39,725768865000,80640985,0.4355922968570173
2024-11-12,조광페인트,6370,-0.62,81536000000,12800000,0.7235795074930761
2024-11-12,조광피혁,51400,0.0,341765693200,6649138,0.23774999922008525
2024-11-12,조비,10220,-0.78,53064682580,5192239,0.5078073414247076
2024-11-12,조선내화,15930,-2.15,188852826240,11855168,0.5834934058121127
2024-11-12,조선선재,92600,-1.91,116458482600,1257651,0.39276172557278716
2024-11-12,조일알미늄,1518,-3.8,192226952478,126631721,0.8836096093766235
2024-11-12,조흥,167100,-0.71,100260000000,600000,0.07597287611765613
2024-11-12,종근당,100400,-1.18,1322711768000,13174420,0.7622154460632677
2024-11-12,종근당바이오,22150,-1.99,121514058300,5485962,0.8226157638986663
2024-11-12,종근당홀딩스,53500,-2.73,268027563500,5009861,0.5493889436287183
2024-11-12,주성코퍼레이션,4100,0.0,216521943000,52810230,0.0
2024-11-12,주연테크,327,-3.25,21714059604,66403852,0.5968372460164276
2024-11-12,지누스,26100,-4.04,528807715200,20260832,1.0202797200154674
2024-11-12,지엠비코리아,3760,-0.27,71711772800,19072280,0.47406395744195334
2024-11-12,지역난방공사,47500,-2.26,549990340000,11578744,0.5368444099321767
2024-11-12,진도,1785,1.71,22219223040,12447744,0.24165708645422695
2024-11-12,진양산업,6800,0.0,88400000000,13000000,0.37374267427563923
2024-11-12,진양폴리,6890,0.0,68900000000,10000000,0.3985899907271287
2024-11-12,진양홀딩스,3170,-0.47,177188075640,55895292,0.2357432722057794
2024-11-12,진양화학,2830,3.1,44714000000,15800000,0.25313258115866333
2024-11-12,진에어,10540,-5.89,550188000000,52200000,0.45819075747153926
2024-11-12,진원생명과학,2180,-3.11,174485096300,80039035,0.6577513769328786
2024-11-12,진흥기업,817,7.64,118850415665,145471745,0.4827230825376352
2024-11-12,진흥기업2우B,11000,-4.35,3242888000,294808,0.12447039035912838
2024-11-12,진흥기업우B,3765,-1.83,3227425770,857218,0.04038854606970845
2024-11-12,참엔지니어링,355,-2.47,30127933745,84867419,0.3703149224496148
2024-11-12,천일고속,38800,-3.48,55453736000,1429220,0.20959794040192117
2024-11-12,청호ICT,2490,0.0,116119947330,46634517,0.0
2024-11-12,체시스,1302,-4.55,41664000000,32000000,1.1143530540196847
2024-11-12,카카오,33250,-1.34,14748121755500,443552534,0.8643831600733759
2024-11-12,카카오뱅크,20500,-2.61,9777857058500,476968637,1.1714626820170395
2024-11-12,카카오페이,22300,-3.46,3001936487800,134615986,1.1207885092349867
2024-11-12,카프로,3660,0.0,618539985360,168999996,0.022078084142889837
2024-11-12,케이비아이동국실업,556,-2.46,61878925236,111293031,0.6039697426055525
2024-11-12,케이씨,17350,-3.61,235162663400,13554044,1.0500438096843663
2024-11-12,케이씨텍,30850,-3.74,643579002600,20861556,1.3793251394132577
2024-11-12,케이카,12260,-2.62,590712214980,48182073,0.32665929126796417
2024-11-12,케이탑리츠,1000,0.0,48060774000,48060774,0.20316719830517624
2024-11-12,코람코더원리츠,4380,-0.68,176952000000,40400000,0.2410551720532183
2024-11-12,코람코라이프인프라리츠,4190,-3.46,407835133260,97335354,0.24761123858944561
2024-11-12,코리아써우,5260,-3.13,15594269400,2964690,0.7443108919946066
2024-11-12,코리아써키트,8590,-6.63,202902251090,23620751,1.4859846205022567
2024-11-12,코리아써키트2우B,5480,-1.08,4294670520,783699,0.17152947769311858
2024-11-12,코리안리,7890,-0.63,1304749780140,165367526,0.24487986042506632
2024-11-12,코스맥스,129300,-7.51,1467491513700,11349509,0.5324283205688265
2024-11-12,코스맥스비티아이,8600,-1.26,82593720600,9603921,0.40255810025055333
2024-11-12,코스모신소재,78000,-3.11,2535838968000,32510756,1.1982815397414928
2024-11-12,코스모화학,18210,-2.46,699413831880,38408228,1.5357162637373634
2024-11-12,코아스,9200,-2.95,30274624000,3290720,0.5230344882841774
2024-11-12,코오롱,13610,-3.54,171845657860,12626426,0.6779641202806884
2024-11-12,코오롱ENP,5670,-2.24,215460000000,38000000,1.292362145843879
2024-11-12,코오롱글로벌,10850,17.81,205419936050,18932713,0.7525321544350613
2024-11-12,코오롱글로벌우,19530,17.02,14466593610,740737,0.597475765964343
2024-11-12,코오롱모빌리티그룹,2075,0.0,130262793750,62777250,0.7682186872726986
2024-11-12,코오롱모빌리티그룹우,3410,-3.81,8375369200,2456120,0.5931996882625499
2024-11-12,코오롱우,12460,-1.58,13411819400,1076390,0.2701642458592498
2024-11-12,코오롱인더,28850,-3.19,793925775350,27519091,0.8654890614247639
2024-11-12,코오롱인더우,19710,-1.45,54554520600,2767860,0.45107431165591344
2024-11-12,코웨이,62000,1.47,4575576378000,73799619,0.5604365510043606
2024-11-12,콘텐트리중앙,8290,-4.49,159684533320,19262308,0.7848910445551238
2024-11-12,콜마홀딩스,7440,-2.87,255164166960,34296259,0.7351172517568729
2024-11-12,콤텍시스템,541,-3.39,65488843106,121051466,0.63658106094747
2024-11-12,쿠쿠홀딩스,22800,-1.3,810817818000,35562185,0.31249484747240996
2024-11-12,쿠쿠홈시스,21150,-2.08,474549529500,22437330,0.517778627343011
2024-11-12,크라운제과,8000,-3.96,100190800000,12523850,0.5542539177898895
2024-11-12,크라운제과우,10010,0.1,7743335600,773560,0.30111359312663244
2024-11-12,크라운해태홀딩스,5530,-4.16,82105828910,14847347,0.6541712314200268
2024-11-12,크라운해태홀딩스우,8600,0.0,5166243600,600726,0.21865970572400556
2024-11-12,크래프톤,295500,-6.93,14154483982500,47900115,0.6342435987262062
2024-11-12,키다리스튜디오,4015,3.35,148811020490,37063766,0.675718922185705
2024-11-12,키움증권,127600,-0.78,3257207685600,25526706,1.012349493257392
2024-11-12,태경비케이,4400,-1.9,121365640000,27583100,0.8915476750267483
2024-11-12,태경산업,5110,-2.48,149358912500,29228750,0.5904007146349785
2024-11-12,태경케미컬,10700,-2.1,124120000000,11600000,0.8500036224608548
2024-11-12,태광산업,628000,-2.03,699215200000,1113400,0.6929285285128652
2024-11-12,태림포장,2085,1.46,147630384900,70805940,0.7554994551230161
2024-11-12,태양금속,3240,-0.77,118908000000,36700000,0.7898962786298147
2024-11-12,태양금속우,4960,-2.17,16368000000,3300000,0.7445524925175234
2024-11-12,태영건설,3080,3.18,886748437960,287905337,-0.019608242479300573
2024-11-12,태영건설우,6430,4.38,4179332820,649974,-0.15331724283136694
2024-11-12,태원물산,3565,-3.26,27094000000,7600000,0.42162317844005914
2024-11-12,테이팩스,14650,-2.33,69875372500,4769650,1.3038508718610788
2024-11-12,텔코웨어,9990,0.0,92308369230,9240077,0.19510191391856813
2024-11-12,토니모리,6230,-7.15,149861397770,24054799,0.8954047792350259
2024-11-12,티에이치엔,3005,-2.75,54090000000,18000000,0.7137346466387239
2024-11-12,티와이홀딩스,3060,-5.85,154313560080,50429268,0.35110440285117445
2024-11-12,티와이홀딩스우,4340,-2.8,5394680760,1243014,0.3645976626104198
2024-11-12,티웨이항공,2965,-3.58,638598663840,215378976,0.44588554233651606
2024-11-12,티웨이홀딩스,676,-4.92,75995546172,112419447,0.3149728949028698
2024-11-12,파라다이스,9460,-3.76,868159553580,91771623,0.8105281197285389
2024-11-12,파미셀,4790,-5.89,287481257560,60016964,1.17172466732803
2024-11-12,팜스코,2020,-2.42,74190444860,36727943,0.5863815581487036
2024-11-12,팜젠사이언스,4660,-4.21,84711926500,18178525,0.6044998326995776
2024-11-12,팬오션,3470,-1.42,1854956206640,534569512,0.8496331877293178
2024-11-12,퍼스텍,3405,0.0,166068448890,48771938,0.5590658846537411
2024-11-12,퍼시스,41800,-0.48,480700000000,11500000,0.33294862391007757
2024-11-12,페이퍼코리아,859,10.7,152887665867,177983313,0.3819588078060701
2024-11-12,평화산업,964,-2.63,52925777676,54902259,0.7798879921627123
2024-11-12,평화홀딩스,2645,0.0,38684357570,14625466,0.5679822831647715
2024-11-12,포스코DX,24600,-1.4,3740054333400,152034729,1.421125100507556
2024-11-12,포스코스틸리온,32850,-7.46,197100000000,6000000,1.1823315724373151
2024-11-12,포스코인터내셔널,49200,-2.96,8655401169600,175922788,1.394297409772888
2024-11-12,포스코퓨처엠,207000,0.49,16034886540000,77463220,1.3304577407524822
2024-11-12,풀무원,9830,-2.67,374724927860,38120542,0.5789349995904024
2024-11-12,풍산,62500,-0.32,1751517375000,28024278,0.7404463121003556
2024-11-12,풍산홀딩스,26300,-2.41,379174779600,14417292,0.6715677861506616
2024-11-12,프레스티지바이오파마,16860,-7.36,1013221173300,60096155,0.9719886682492965
2024-11-12,플레이그램,325,-5.52,49363437500,151887500,0.7029801624632019
2024-11-12,하나금융지주,61400,-0.65,17636590032000,287240880,1.062184326151003
2024-11-12,하나제약,10750,-3.59,191059169500,17772946,0.47560426181898957
2024-11-12,하나투어,49500,-0.6,793939657500,16039185,0.6721550744753992
2024-11-12,하이브,194200,-2.9,8088837237400,41652097,0.4304946616894455
2024-11-12,하이스틸,2995,-6.11,60473455645,20191471,1.2116037221021003
2024-11-12,하이트론,3375,11.94,101399407875,30044269,0.22219061908146442
2024-11-12,하이트진로,19900,-0.75,1395658858900,70133611,0.41397282947808295
2024-11-12,하이트진로2우B,16090,-0.86,18183920420,1130138,0.1377880418156732
2024-11-12,하이트진로홀딩스,9300,-1.8,215822914500,23206765,0.32674911812250473
2024-11-12,하이트진로홀딩스우,11380,1.43,5357817800,470810,0.23236801649815528
2024-11-12,한국ANKOR유전,352,-2.22,24647040000,70020000,0.19269020357065778
2024-11-12,한국가스공사,40050,0.13,3697135650000,92313000,1.317392766992673
2024-11-12,한국공항,52700,-2.04,166866908500,3166355,0.7402129259047219
2024-11-12,한국금융지주,76800,-1.03,4279756185600,55725992,1.0301711262785942
2024-11-12,한국금융지주우,53800,-0.92,315173903800,5858251,0.7010360096186801
2024-11-12,한국내화,2110,-5.8,86651500820,41067062,0.8262982748245866
2024-11-12,한국단자,72800,-2.02,758212000000,10415000,0.5565710416938912
2024-11-12,한국무브넥스,3345,-2.76,101856654900,30450420,1.4108585269402802
2024-11-12,한국석유,15010,-1.57,190538741200,12694120,-0.24741478079056317
2024-11-12,한국수출포장,2655,-2.03,106200000000,40000000,0.7184059622559108
2024-11-12,한국쉘석유,335500,-3.73,436150000000,1300000,0.37024882872736403
2024-11-12,한국앤컴퍼니,16920,-2.2,1606304260800,94935240,0.4670540924311105
2024-11-12,한국자산신탁,2785,-3.13,345278039320,123977752,0.2461548176948192
2024-11-12,한국전력,21500,-3.37,13802227655500,641964077,0.5786478845769641
2024-11-12,한국전자홀딩스,738,-0.27,34540714368,46803136,0.44846569469892067
2024-11-12,한국제지,941,0.75,178957721017,190178237,0.42253061885603194
2024-11-12,한국종합기술,4555,2.13,49877250000,10950000,0.7122517899672797
2024-11-12,한국주강,1888,-3.97,21351880992,11309259,0.519144816597876
2024-11-12,한국주철관,6240,-1.58,142275120000,22800500,0.3518170033862337
2024-11-12,한국철강,9090,-2.36,385870500000,42450000,0.3681616913123044
2024-11-12,한국카본,10950,-2.32,568397549400,51908452,0.8245227902340327
2024-11-12,한국콜마,55800,-4.62,1317163296600,23605077,0.6600344670824811
2024-11-12,한국타이어앤테크놀로지,36850,-1.86,4564796292650,123875069,0.6575520575103775
2024-11-12,한국토지신탁,1008,-2.04,254509143840,252489230,0.35968519528051596
2024-11-12,한국특강,1507,1.82,91645659677,60813311,0.2762140985149224
2024-11-12,한국패러랠,159,29.27,12723180000,80020000,0.2068038254199203
2024-11-12,한국항공우주,67500,-0.59,6579569722500,97475107,0.49152445967712505
2024-11-12,한국화장품,6090,-6.16,97854120000,16068000,0.8379957006697715
2024-11-12,한국화장품제조,69900,-7.29,316786800000,4532000,1.2226676431781969
2024-11-12,한농화성,16390,2.82,256291118380,15637042,1.317586223755504
2024-11-12,한독,13290,-2.49,182917353570,13763533,0.7127359155376676
2024-11-12,한미글로벌,15860,0.95,173786743000,10957550,0.9207251856622325
2024-11-12,한미반도체,84700,-3.86,8215360799800,96993634,1.5073857178720556
2024-11-12,한미사이언스,34700,-5.71,2373186785000,68391550,0.7621156353218815
2024-11-12,한미약품,313000,-7.67,4009840183000,12810991,0.7091559620226393
2024-11-12,한샘,50300,-3.64,1183756578400,23533928,0.4636559938741002
2024-11-12,한섬,14810,-2.31,346531785000,23398500,0.4489309800242393
2024-11-12,한성기업,4665,-4.01,28967387475,6209515,1.2485425527730563
2024-11-12,한세실업,13800,-4.89,552000000000,40000000,0.6165526954335423
2024-11-12,한세엠케이,1474,-1.73,44376983948,30106502,0.609497843009007
2024-11-12,한세예스24홀딩스,4480,-2.93,179200000000,40000000,0.6256235727033099
2024-11-12,한솔PNS,1101,8.47,22562806212,20493012,0.5112692382904936
2024-11-12,한솔로지스틱스,2220,-1.33,62505931500,28155825,0.688465087839047
2024-11-12,한솔제지,9060,-1.74,215633218560,23800576,0.35959040216379046
2024-11-12,한솔케미칼,111500,-2.96,1263874242500,11335195,1.0393238777796583
2024-11-12,한솔테크닉스,4025,-5.85,129242258950,32109878,0.8066691632824469
2024-11-12,한솔홀딩스,2215,-1.56,93048998055,42008577,0.3456633618431798
2024-11-12,한솔홈데코,648,-4.99,52206216552,80565149,0.6624543355035352
2024-11-12,한신공영,7110,6.6,82267691220,11570702,0.6164991745114705
2024-11-12,한신기계,3535,-3.68,114697143785,32446151,1.4713237938484824
2024-11-12,한양증권,11980,-3.78,152487837320,12728534,0.28218446040273
2024-11-12,한양증권우,13060,-2.39,6856500000,525000,-0.11537412168287181
2024-11-12,한온시스템,4045,-0.98,2159221000000,533800000,0.8274993007029575
2024-11-12,한올바이오파마,44550,-3.68,2327320422900,52240638,0.8326935927113543
2024-11-12,한익스프레스,3540,-1.94,42480000000,12000000,1.0678505671544176
2024-11-12,한일시멘트,13510,-1.24,935723405400,69261540,0.5220960004748633
2024-11-12,한일철강,2030,-2.64,54195843800,26697460,0.5407012047426869
2024-11-12,한일현대시멘트,13630,-2.99,263436169360,19327672,0.4510606467916788
2024-11-12,한일홀딩스,13810,-2.2,425802128040,30832884,0.45594918654563715
2024-11-12,한전KPS,44950,0.11,2022750000000,45000000,0.4564961198627785
2024-11-12,한전기술,68100,-2.3,2602782000000,38220000,0.9824734651883814
2024-11-12,한전산업,12140,-5.16,395764000000,32600000,0.8928268782611174
2024-11-12,한진,17820,-2.73,266366730960,14947628,0.8477785083165892
2024-11-12,한진중공업홀딩스,3485,-1.13,102911394820,29529812,0.32408619880006706
2024-11-12,한진칼,76100,-2.31,5080609431900,66762279,1.1692532786756036
2024-11-12,한진칼우,23700,-1.25,12721354200,536766,0.5649958585152183
2024-11-12,한창,1254,0.0,23332434378,18606407,0.2909778788043966
2024-11-12,한창제지,700,-2.23,41767240200,59667486,0.2646717665552609
2024-11-12,한컴라이프케어,3870,-1.28,107099951220,27674406,0.3069620094920767
2024-11-12,한화,29850,3.11,2237518239750,74958735,0.736249947737153
2024-11-12,한화3우B,15420,0.59,346518240000,22472000,0.48028631097057695
2024-11-12,한화갤러리아,1203,-4.22,233213110830,193859610,0.8736953382516217
2024-11-12,한화갤러리아우,2445,-5.6,7101429150,2904470,0.44687166884157603
2024-11-12,한화리츠,3550,-1.39,250630000000,70600000,0.14081481291241035
2024-11-12,한화생명,2830,-1.39,2457939900000,868530000,0.8945829319381369
2024-11-12,한화손해보험,4550,-4.81,531162063250,116738915,0.9574060923264881
2024-11-12,한화솔루션,17730,-3.54,3047654663280,171892536,1.3376857776600561
2024-11-12,한화솔루션우,15800,-7.6,40690514200,2575349,1.0476672129257492
2024-11-12,한화시스템,27100,3.24,5119715441900,188919389,0.4130053365452752
2024-11-12,한화에어로스페이스,413500,-0.6,18847810073500,45581161,0.4690220872474533
2024-11-12,한화엔진,15450,-5.74,1289258343900,83447142,1.005433125841532
2024-11-12,한화오션,36800,-1.34,11276012899200,306413394,1.215739560679947
2024-11-12,한화우,40700,0.0,19507265800,479294,0.015454693630839428
2024-11-12,한화인더스트리얼솔루션즈,41900,-4.12,2115463541000,50488390,3.46953358073201
2024-11-12,한화투자증권,4200,0.96,901100655000,214547775,1.274964207355982
2024-11-12,한화투자증권우,9590,15.13,46032000000,4800000,0.9729135229901943
2024-11-12,해성디에스,22950,-4.38,390150000000,17000000,1.248669859559498
2024-11-12,해태제과식품,5620,-3.27,163636539640,29116822,0.7231731141372362
2024-11-12,핸즈코퍼레이션,1977,1.18,43248351819,21875747,0.4176057205842139
2024-11-12,현대건설,28700,0.0,3195910455500,111355765,0.6365669118084697
2024-11-12,현대건설우,49050,-1.8,51732691650,1054693,0.34606176221954654
2024-11-12,현대그린푸드,12990,-2.33,440113072860,33880914,0.31880436067561174
2024-11-12,현대글로비스,114400,-1.46,8580000000000,75000000,0.7154401009401782
2024-11-12,현대로템,62500,-2.5,6821393312500,109142293,0.581298028095154
2024-11-12,현대리바트,7960,-3.52,163460844720,20535282,0.7476126406627264
2024-11-12,현대모비스,255500,0.39,23760246517000,92995094,0.7834479876873772
2024-11-12,현대백화점,42350,-1.63,991093376350,23402441,0.5689505758846936
2024-11-12,현대비앤지스틸,12060,-5.56,181850460660,15078811,1.3054482228272346
2024-11-12,현대약품,3465,-4.02,110880000000,32000000,0.6329216301166545
2024-11-12,현대엘리베이,48950,-2.49,1913572245750,39092385,0.5953331069365104
2024-11-12,현대오토에버,137800,-3.16,3779024719600,27423982,1.0870184913630108
2024-11-12,현대위아,40850,-1.33,1110919140550,27195083,0.9200680663837147
2024-11-12,현대제철,21950,-6.0,2929134980750,133445785,0.92519429210623
2024-11-12,현대지에프홀딩스,4650,-3.73,724954999650,155904301,0.7155159620931281
2024-11-12,현대차,207000,-1.9,43349151537000,209416191,1.1885304080668797
2024-11-12,현대차2우B,160000,-2.32,5721502560000,35759391,1.055369336485641
2024-11-12,현대차3우B,154300,-1.84,367296337200,2380404,0.8797776104124727
2024-11-12,현대차우,153300,-2.17,3659575760400,23871988,0.9552976798404509
2024-11-12,현대차증권,8550,-2.17,271142405100,31712562,0.5852167269174382
2024-11-12,현대코퍼레이션,19520,-4.31,258229416320,13228966,0.86114957674734
2024-11-12,현대코퍼레이션홀딩스,10710,1.13,97469953560,9100836,0.21829047311897093
2024-11-12,현대퓨처넷,3700,-1.86,407750896500,110202945,0.2812668110833536
2024-11-12,현대해상,28950,-2.69,2588130000000,89400000,0.7238395642654142
2024-11-12,현대홈쇼핑,44100,-2.54,529200000000,12000000,0.2570690037036393
2024-11-12,형지엘리트,1296,-2.92,44276874480,34164255,0.6261821432898325
2024-11-12,혜인,5200,0.0,66106284400,12712747,0.7759593510327285
2024-11-12,호전실업,7800,-3.7,76049875200,9749984,0.4688994581150028
2024-11-12,호텔신라,37950,-2.19,1489466191950,39248121,0.5747324509406025
2024-11-12,호텔신라우,34050,-2.99,25601479950,751879,0.47461564545679874
2024-11-12,화승알앤에이,3510,-4.36,66667616730,18993623,0.8383655789744948
2024-11-12,화승엔터프라이즈,9170,-4.48,555603660920,60589276,0.6468279530160193
2024-11-12,화승인더,4125,-3.17,228195000000,55320000,0.47860794181437716
2024-11-12,화승코퍼레이션,1779,-3.32,89041177308,50051252,0.695328059839573
2024-11-12,화신,7720,-5.04,269585565200,34920410,1.51756855237362
2024-11-12,화인베스틸,1048,-2.87,32305771664,30826118,0.7002027586293815
2024-11-12,화천기계,2845,-3.4,62590000000,22000000,1.0184984828276913
2024-11-12,화천기공,26250,-3.49,57750000000,2200000,0.5971397489828518
2024-11-12,환인제약,12540,-3.98,233244877800,18600070,0.39823194168961
2024-11-12,황금에스티,5030,-2.14,85510000000,17000000,0.6162235304508261
2024-11-12,효성,48850,-3.65,817768881950,16740407,0.644447533421749
2024-11-12,효성ITX,12340,-0.88,142628188000,11558200,0.34633643283899423
2024-11-12,효성중공업,500000,1.42,4662274000000,9324548,0.9942988924363384
2024-11-12,효성티앤씨,284500,-3.72,1231225529000,4327682,0.6261180062333032
2024-11-12,효성화학,33100,-7.54,125508944100,3791811,1.1266123034081545
2024-11-12,후성,5380,-3.93,577033675400,107255330,1.1583179704603181
2024-11-12,휠라홀딩스,38500,1.99,2313689801500,60095839,0.5232665329408753
2024-11-12,휴니드,9670,17.5,136501865050,14116015,-0.7195390942795663
2024-11-12,휴비스,2425,-4.9,83662500000,34500000,0.751358930330766
2024-11-12,휴스틸,4060,-4.25,228123584500,56188075,0.8641103654071891
2024-11-12,흥국화재,3240,-4.28,208146169800,64242645,1.213116603809046
2024-11-12,흥국화재우,4775,-4.5,3667200000,768000,0.840954936226205
2024-11-12,흥아해운,1801,-0.44,433005243099,240424899,0.3357209416359374
